55,"Rain Waterpark,Coco Key - Ferncroft,CoCo Key - Omaha,Kalahari Sandusky,Kalahari Dells - BGR,Kalahari Dells - ITP,Country Springs,Zehnders,Castaway Bay,Camelback Resort,Kalahari - Poconos,Swings N Things,Bonkers,Sawgrass Mills Gameroom,Hollywood Park,CCME Office - Ohio,FEG Illinois Office,Great Wolf Lodge - Concord,Great Wolf Lodge - Grand Mound,Great Wolf Lodge - Grapevine,Great Wolf Lodge - Kansas City,Great Wolf Lodge - Mason,Great Wolf Lodge - Poconos,Great Wolf Lodge - Sandusky,Great Wolf Lodge - Traverse City,Great Wolf Lodge - Williamsburg,Great Wolf Lodge - Wisconsin Dells,Knuckleheads,Rockin Robins,Waldameer Park,Great Wolf Lodge - New England,Great Wolf Lodge - Garden Grove,Great Wolf Lodge - Colorado Springs,Merchndise Office,Funtrackers"
61,KeyLime Cove
63,"Rain Waterpark,Coco Key - Ferncroft,CoCo Key - Omaha,Kalahari Sandusky,Kalahari Dells - BGR,Kalahari Dells - ITP,Country Springs,Zehnders,Castaway Bay,Camelback Resort,Kalahari - Poconos,Swings N Things,Bonkers,Sawgrass Mills Gameroom,Hollywood Park,CCME Office - Ohio,FEG Illinois Office,Great Wolf Lodge - Concord,Great Wolf Lodge - Grand Mound,Great Wolf Lodge - Grapevine,Great Wolf Lodge - Kansas City,Great Wolf Lodge - Mason,Great Wolf Lodge - Poconos,Great Wolf Lodge - Sandusky,Great Wolf Lodge - Traverse City,Great Wolf Lodge - Williamsburg,Great Wolf Lodge - Wisconsin Dells,Knuckleheads,Rockin Robins,Waldameer Park,Great Wolf Lodge - New England,Great Wolf Lodge - Garden Grove,Great Wolf Lodge - Colorado Springs,Merchndise Office,Funtrackers"
64,"Knuckleheads,"
65,"CCME Office - Ohio,"
67,"Rain Waterpark,Coco Key - Ferncroft,CoCo Key - Omaha,Kalahari Sandusky,Kalahari Dells - BGR,Kalahari Dells - ITP,Country Springs,Zehnders,Castaway Bay,Camelback Resort,Kalahari - Poconos,Swings N Things,Bonkers,Sawgrass Mills Gameroom,Hollywood Park,CCME Office - Ohio,FEG Illinois Office,Great Wolf Lodge - Concord,Great Wolf Lodge - Grand Mound,Great Wolf Lodge - Grapevine,Great Wolf Lodge - Kansas City,Great Wolf Lodge - Mason,Great Wolf Lodge - Poconos,Great Wolf Lodge - Sandusky,Great Wolf Lodge - Traverse City,Great Wolf Lodge - Williamsburg,Great Wolf Lodge - Wisconsin Dells,Knuckleheads,Rockin Robins,Waldameer Park,Great Wolf Lodge - New England,Great Wolf Lodge - Garden Grove,Great Wolf Lodge - Colorado Springs,Merchndise Office,Funtrackers"
68,"Great Wolf Lodge - New England,"
69,"CCME Office - Ohio,"
70,"CCME Office - Ohio,"
79,"Kalahari Sandusky,"
80,"Rain Waterpark,Castaway Bay,Cedarpoint Castaway Bay (PSV),"
82,"KeyLime Cove,Xtreme Trampolines,Hollywood Park,"
83,
84,"CoCo Key - Omaha,"
85,"Rain Waterpark,Coco Key - Ferncroft,CoCo Key - Omaha,Kalahari Sandusky,Kalahari Dells - BGR,Kalahari Dells - ITP,Country Springs,Zehnders,Castaway Bay,Camelback Resort,Kalahari - Poconos,Swings N Things,Bonkers,Sawgrass Mills Gameroom,Hollywood Park,CCME Office - Ohio,FEG Illinois Office,Great Wolf Lodge - Concord,Great Wolf Lodge - Grand Mound,Great Wolf Lodge - Grapevine,Great Wolf Lodge - Kansas City,Great Wolf Lodge - Mason,Great Wolf Lodge - Poconos,Great Wolf Lodge - Sandusky,Great Wolf Lodge - Traverse City,Great Wolf Lodge - Williamsburg,Great Wolf Lodge - Wisconsin Dells,Knuckleheads,Rockin Robins,Waldameer Park,Great Wolf Lodge - New England,Great Wolf Lodge - Garden Grove,Great Wolf Lodge - Colorado Springs,Merchndise Office,Funtrackers"
86,"Rain Waterpark,Coco Key - Ferncroft,CoCo Key - Omaha,Kalahari Sandusky,Kalahari Dells - BGR,Kalahari Dells - ITP,Country Springs,Zehnders,Castaway Bay,Camelback Resort,Kalahari - Poconos,Swings N Things,Bonkers,Sawgrass Mills Gameroom,Hollywood Park,CCME Office - Ohio,FEG Illinois Office,Great Wolf Lodge - Concord,Great Wolf Lodge - Grand Mound,Great Wolf Lodge - Grapevine,Great Wolf Lodge - Kansas City,Great Wolf Lodge - Mason,Great Wolf Lodge - Poconos,Great Wolf Lodge - Sandusky,Great Wolf Lodge - Traverse City,Great Wolf Lodge - Williamsburg,Great Wolf Lodge - Wisconsin Dells,Knuckleheads,Rockin Robins,Waldameer Park,Great Wolf Lodge - New England,Great Wolf Lodge - Garden Grove,Great Wolf Lodge - Colorado Springs,Merchndise Office,Funtrackers"
87,"Kalahari Dells - ITP,Kalahari Dells - BGR"
88,"Kalahari Dells - BGR,Kalahari Dells - ITP"
89,"Knuckleheads,"
90,"Kalahari Dells - ITP,Kalahari Dells - BGR"
91,"Kalahari Dells - ITP,Kalahari Dells - BGR"
92,"CCME Office - Ohio,"
93,"Kalahari Sandusky,"
94,
95,"Coco Key - Ferncroft,Bonkers"
96,"Funtrackers,"
98,"Great Wolf Lodge - Grapevine,"
99,"Sawgrass Mills Gameroom,Funtrackers,Great Wolf Lodge - Grapevine"
101,"Rain Waterpark,Coco Key - Ferncroft,CoCo Key - Omaha,Kalahari Sandusky,Kalahari Dells - BGR,Kalahari Dells - ITP,Country Springs,Zehnders,Castaway Bay,Camelback Resort,Kalahari - Poconos,Swings N Things,Bonkers,Sawgrass Mills Gameroom,Hollywood Park,CCME Office - Ohio,FEG Illinois Office,Great Wolf Lodge - Concord,Great Wolf Lodge - Grand Mound,Great Wolf Lodge - Grapevine,Great Wolf Lodge - Kansas City,Great Wolf Lodge - Mason,Great Wolf Lodge - Poconos,Great Wolf Lodge - Sandusky,Great Wolf Lodge - Traverse City,Great Wolf Lodge - Williamsburg,Great Wolf Lodge - Wisconsin Dells,Knuckleheads,Rockin Robins,Waldameer Park,Great Wolf Lodge - New England,Great Wolf Lodge - Garden Grove,Great Wolf Lodge - Colorado Springs,Merchndise Office,Funtrackers"
102,"Wilderness At the Smokies - Adventure Theme Park / Arcade,"
103,"Wilderness At the Smokies - Adventure Theme Park / Arcade,"
104,"Wilderness At the Smokies - Adventure Theme Park / Arcade,"
105,"Wilderness At the Smokies - Adventure Theme Park / Arcade,"
106,"CCME Office - Ohio,Cedarpoint Castaway Bay (PSV),Rain Waterpark,Great Wolf Lodge - Sandusky,Kalahari Sandusky,Great Wolf Lodge - Kansas City,CoCo Key - Omaha,Zehnders,Great Wolf Lodge - Traverse City,Great Wolf Lodge - Mason"
107,"Country Springs,"
108,"Rain Waterpark,Coco Key - Ferncroft,CoCo Key - Omaha,Kalahari Sandusky,Kalahari Dells - BGR,Kalahari Dells - ITP,Country Springs,Zehnders,Castaway Bay,Camelback Resort,Kalahari - Poconos,Swings N Things,Bonkers,Sawgrass Mills Gameroom,Hollywood Park,CCME Office - Ohio,FEG Illinois Office,Great Wolf Lodge - Concord,Great Wolf Lodge - Grand Mound,Great Wolf Lodge - Grapevine,Great Wolf Lodge - Kansas City,Great Wolf Lodge - Mason,Great Wolf Lodge - Poconos,Great Wolf Lodge - Sandusky,Great Wolf Lodge - Traverse City,Great Wolf Lodge - Williamsburg,Great Wolf Lodge - Wisconsin Dells,Knuckleheads,Rockin Robins,Waldameer Park,Great Wolf Lodge - New England,Great Wolf Lodge - Garden Grove,Great Wolf Lodge - Colorado Springs,Merchndise Office,Funtrackers"
109,"CoCo Key - Mt Laurel,CiCi's - North Brunswick NJ"
110,"CoCo Key - Kansas City,"
111,"Great Wolf Lodge - Sandusky,"
114,"SkyMart Office,CiCi's - Plano 10,CiCi's - Plano1,CiCi's - Frisco 747,Brunswick -Denton,CiCi's - Allen #14,CiCi's - Murphy,CiCi's - Eldorado,Regal - Fossil Creek Stadium 11 ,Regal - UA Galaxy 10 Theater"
115,"SkyMart Office,CiCi's - Forest,CiCi's - Mesquite,CiCi's - Garland #2,CiCi's - Grand Prairie,Brunswick - Watuga,CiCi's - Allen #14,CiCi's - Arlington,CiCi's - Wynnwood,"
116,"SkyMart Office,Brunswick - Westcreek,CiCi's - North Richland Hills #25,CiCi's - Burleson,CiCi's - Arlington,CiCi's - Alta Mesa,CiCi's - 8th Ave/Ft. Worth,CiCi's - Cedar Hill,CiCi's - Columbia,CiCi's - Carrollton"
117,"Kalahari Sandusky,"
119,Great Wolf Lodge - Concord
120,"Zehnders,Zehnders (CCME)"
121,"Great Wolf Lodge - Kansas City,"
123,"Great Wolf Lodge - Mason,Coney Island"
125,"Great Wolf Lodge - Williamsburg,"
126,"Fiesta Village,"
127,"Fiesta Village,"
129,"Starters Riverport,CiCi's - Nazareth,CiCi's - Whitehall,"
130,"Kalahari - Poconos,"
133,"Kalahari Sandusky,"
139,"Rain Waterpark,Coco Key - Ferncroft,CoCo Key - Omaha,Kalahari Sandusky,Kalahari Dells - BGR,Kalahari Dells - ITP,Country Springs,Zehnders,Castaway Bay,Camelback Resort,Kalahari - Poconos,Swings N Things,Bonkers,Sawgrass Mills Gameroom,Hollywood Park,CCME Office - Ohio,FEG Illinois Office,Great Wolf Lodge - Concord,Great Wolf Lodge - Grand Mound,Great Wolf Lodge - Grapevine,Great Wolf Lodge - Kansas City,Great Wolf Lodge - Mason,Great Wolf Lodge - Poconos,Great Wolf Lodge - Sandusky,Great Wolf Lodge - Traverse City,Great Wolf Lodge - Williamsburg,Great Wolf Lodge - Wisconsin Dells,Knuckleheads,Rockin Robins,Waldameer Park,Great Wolf Lodge - New England,Great Wolf Lodge - Garden Grove,Great Wolf Lodge - Colorado Springs,Merchndise Office,Funtrackers"
140,"Kalahari Dells - BGR,Kalahari Dells - ITP"
143,"Rain Waterpark,Coco Key - Ferncroft,CoCo Key - Omaha,Kalahari Sandusky,Kalahari Dells - BGR,Kalahari Dells - ITP,Country Springs,Zehnders,Castaway Bay,Camelback Resort,Kalahari - Poconos,Swings N Things,Bonkers,Sawgrass Mills Gameroom,Hollywood Park,CCME Office - Ohio,FEG Illinois Office,Great Wolf Lodge - Concord,Great Wolf Lodge - Grand Mound,Great Wolf Lodge - Grapevine,Great Wolf Lodge - Kansas City,Great Wolf Lodge - Mason,Great Wolf Lodge - Poconos,Great Wolf Lodge - Sandusky,Great Wolf Lodge - Traverse City,Great Wolf Lodge - Williamsburg,Great Wolf Lodge - Wisconsin Dells,Knuckleheads,Rockin Robins,Waldameer Park,Great Wolf Lodge - New England,Great Wolf Lodge - Garden Grove,Great Wolf Lodge - Colorado Springs,Merchndise Office,Funtrackers"
144,"Rain Waterpark,Coco Key - Ferncroft,CoCo Key - Omaha,Kalahari Sandusky,Kalahari Dells - BGR,Kalahari Dells - ITP,Country Springs,Zehnders,Castaway Bay,Camelback Resort,Kalahari - Poconos,Swings N Things,Bonkers,Sawgrass Mills Gameroom,Hollywood Park,CCME Office - Ohio,FEG Illinois Office,Great Wolf Lodge - Concord,Great Wolf Lodge - Grand Mound,Great Wolf Lodge - Grapevine,Great Wolf Lodge - Kansas City,Great Wolf Lodge - Mason,Great Wolf Lodge - Poconos,Great Wolf Lodge - Sandusky,Great Wolf Lodge - Traverse City,Great Wolf Lodge - Williamsburg,Great Wolf Lodge - Wisconsin Dells,Knuckleheads,Rockin Robins,Waldameer Park,Great Wolf Lodge - New England,Great Wolf Lodge - Garden Grove,Great Wolf Lodge - Colorado Springs,Merchndise Office,Funtrackers"
145,"Camelback Resort,"
146,"CCME Office - Ohio,"
147,"Great Wolf Lodge - Colorado Springs,"
148,"Great Wolf Lodge - Mason,Coney Island"
149,"Kalahari Dells - ITP,Kalahari Dells - BGR"
150,
151,"Wilderness At the Smokies - Adventure Theme Park / Arcade,"
152,"Camelback Resort,"
153,"Great Wolf Lodge - Sandusky,Rain Waterpark,Castaway Bay,Cedarpoint Castaway Bay (PSV)"
154,"Rain Waterpark,Castaway Bay,Cedarpoint Castaway Bay (PSV),"
155,"Kalahari Dells - ITP,Kalahari Dells - BGR"
156,"Great Wolf Lodge - Grapevine,"
157,"Great Wolf Lodge - Concord,"
159,"Knuckleheads,"
161,"Funtrackers,"
162,"Wilderness At the Smokies - Adventure Theme Park / Arcade,"
163,"Great Wolf Lodge - Traverse City,"
164,"Great Wolf Lodge - Mason,Coney Island"
165,"Great Wolf Lodge - Grand Mound,"
166,"Knuckleheads,Great Wolf Lodge - Wisconsin Dells"
167,"Fiesta Village,"
168,"Kalahari Dells - BGR,Kalahari Dells - ITP"
169,Zehnders
170,"Great Wolf Lodge - Williamsburg,"
171,"Kalahari Dells - ITP,Kalahari Dells - BGR,Knuckleheads,Great Wolf Lodge - Wisconsin Dells"
172,"Kalahari Dells - BGR,Kalahari Dells - ITP"
173,
174,"CoCo Key - Omaha,"
175,"Great Wolf Lodge - Concord,"
176,"Great Wolf Lodge - Grapevine,"
177,"Great Wolf Lodge - Kansas City,"
178,"Great Wolf Lodge - Williamsburg,"
179,"Great Wolf Lodge - Wisconsin Dells,Kalahari Dells - BGR"
180,"Kalahari Dells - BGR,Kalahari Dells - ITP"
181,"Kalahari Sandusky,"
182,"Castaway Bay,Rain Waterpark"
183,"Great Wolf Lodge - Mason,Coney Island"
184,"Castaway Bay,Rain Waterpark,Cedarpoint Castaway Bay (PSV),"
185,"Kalahari Sandusky,"
186,
187,"Kalahari Dells - ITP,"
189,"Kalahari Sandusky,"
190,"Great Wolf Lodge - Mason,"
191,"Funtrackers,"
192,"Rain Waterpark,Coco Key - Ferncroft,CoCo Key - Omaha,Kalahari Sandusky,Kalahari Dells - BGR,Kalahari Dells - ITP,Country Springs,Zehnders,Castaway Bay,Camelback Resort,Kalahari - Poconos,Swings N Things,Bonkers,Sawgrass Mills Gameroom,Hollywood Park,CCME Office - Ohio,FEG Illinois Office,Great Wolf Lodge - Concord,Great Wolf Lodge - Grand Mound,Great Wolf Lodge - Grapevine,Great Wolf Lodge - Kansas City,Great Wolf Lodge - Mason,Great Wolf Lodge - Poconos,Great Wolf Lodge - Sandusky,Great Wolf Lodge - Traverse City,Great Wolf Lodge - Williamsburg,Great Wolf Lodge - Wisconsin Dells,Knuckleheads,Rockin Robins,Waldameer Park,Great Wolf Lodge - New England,Great Wolf Lodge - Garden Grove,Great Wolf Lodge - Colorado Springs,Merchndise Office,Funtrackers"
193,"Kalahari Dells - ITP,Kalahari Dells - BGR"
194,"Castaway Bay,Cedarpoint Castaway Bay (PSV),Rain Waterpark,"
195,"Castaway Bay,Rain Waterpark"
196,"Kalahari Dells - ITP,"
197,"Wilderness At the Smokies - Adventure Theme Park / Arcade,"
198,"Great Wolf Lodge - Traverse City,"
199,"Great Wolf Lodge - Traverse City,"
200,
201,"Kalahari Sandusky,"
202,"Kalahari Sandusky,"
203,"Wilderness At the Smokies - Adventure Theme Park / Arcade,"
204,"Great Wolf Lodge - Grand Mound,"
205,"Great Wolf Lodge - Traverse City,"
206,"Hawaiian Falls - Pfluger,Hawaiian Falls - White Settlement"
208,"Great Wolf Lodge - Sandusky,"
209,"Kalahari - Poconos,"
210,"Funtrackers,"
211,
212,"Funtrackers,"
213,"Funtrackers,"
214,"Funtrackers,"
215,"KeyLime Cove,Hollywood Park"
216,"Country Springs,"
217,"Kalahari Dells - BGR,Kalahari Dells - ITP"
218,"CCME Office - Ohio,Kalahari Dells - ITP"
219,
220,"Funtrackers,"
221,"Great Wolf Lodge - Grand Mound,"
222,"Funtrackers,"
224,"Rain Waterpark,Coco Key - Ferncroft,CoCo Key - Omaha,Kalahari Sandusky,Kalahari Dells - BGR,Kalahari Dells - ITP,Country Springs,Zehnders,Castaway Bay,Camelback Resort,Kalahari - Poconos,Swings N Things,Bonkers,Sawgrass Mills Gameroom,Hollywood Park,CCME Office - Ohio,FEG Illinois Office,Great Wolf Lodge - Concord,Great Wolf Lodge - Grand Mound,Great Wolf Lodge - Grapevine,Great Wolf Lodge - Kansas City,Great Wolf Lodge - Mason,Great Wolf Lodge - Poconos,Great Wolf Lodge - Sandusky,Great Wolf Lodge - Traverse City,Great Wolf Lodge - Williamsburg,Great Wolf Lodge - Wisconsin Dells,Knuckleheads,Rockin Robins,Waldameer Park,Great Wolf Lodge - New England,Great Wolf Lodge - Garden Grove,Great Wolf Lodge - Colorado Springs,Merchndise Office,Funtrackers"
225,"Funtrackers,"
226,
227,"Great Wolf Lodge - Williamsburg,"
228,"Great Wolf Lodge - New England,"
229,"Rain Waterpark,Coco Key - Ferncroft,CoCo Key - Omaha,Kalahari Sandusky,Kalahari Dells - BGR,Kalahari Dells - ITP,Country Springs,Zehnders,Castaway Bay,Camelback Resort,Kalahari - Poconos,Swings N Things,Bonkers,Sawgrass Mills Gameroom,Hollywood Park,CCME Office - Ohio,FEG Illinois Office,Great Wolf Lodge - Concord,Great Wolf Lodge - Grand Mound,Great Wolf Lodge - Grapevine,Great Wolf Lodge - Kansas City,Great Wolf Lodge - Mason,Great Wolf Lodge - Poconos,Great Wolf Lodge - Sandusky,Great Wolf Lodge - Traverse City,Great Wolf Lodge - Williamsburg,Great Wolf Lodge - Wisconsin Dells,Knuckleheads,Rockin Robins,Waldameer Park,Great Wolf Lodge - New England,Great Wolf Lodge - Garden Grove,Great Wolf Lodge - Colorado Springs,Merchndise Office,Funtrackers"
230,"Kalahari Sandusky,"
231,"Kalahari Sandusky,"
232,"Kalahari - Poconos,"
236,"Rain Waterpark,Coco Key - Ferncroft,CoCo Key - Omaha,Kalahari Sandusky,Kalahari Dells - BGR,Kalahari Dells - ITP,Country Springs,Zehnders,Castaway Bay,Camelback Resort,Kalahari - Poconos,Swings N Things,Bonkers,Sawgrass Mills Gameroom,Hollywood Park,CCME Office - Ohio,FEG Illinois Office,Great Wolf Lodge - Concord,Great Wolf Lodge - Grand Mound,Great Wolf Lodge - Grapevine,Great Wolf Lodge - Kansas City,Great Wolf Lodge - Mason,Great Wolf Lodge - Poconos,Great Wolf Lodge - Sandusky,Great Wolf Lodge - Traverse City,Great Wolf Lodge - Williamsburg,Great Wolf Lodge - Wisconsin Dells,Knuckleheads,Rockin Robins,Waldameer Park,Great Wolf Lodge - New England,Great Wolf Lodge - Garden Grove,Great Wolf Lodge - Colorado Springs,Merchndise Office,Funtrackers"
237,"Rain Waterpark,Coco Key - Ferncroft,CoCo Key - Omaha,Kalahari Sandusky,Kalahari Dells - BGR,Kalahari Dells - ITP,Country Springs,Zehnders,Castaway Bay,Camelback Resort,Kalahari - Poconos,Swings N Things,Bonkers,Sawgrass Mills Gameroom,Hollywood Park,CCME Office - Ohio,FEG Illinois Office,Great Wolf Lodge - Concord,Great Wolf Lodge - Grand Mound,Great Wolf Lodge - Grapevine,Great Wolf Lodge - Kansas City,Great Wolf Lodge - Mason,Great Wolf Lodge - Poconos,Great Wolf Lodge - Sandusky,Great Wolf Lodge - Traverse City,Great Wolf Lodge - Williamsburg,Great Wolf Lodge - Wisconsin Dells,Knuckleheads,Rockin Robins,Waldameer Park,Great Wolf Lodge - New England,Great Wolf Lodge - Garden Grove,Great Wolf Lodge - Colorado Springs,Merchndise Office,Funtrackers"
238,"Rain Waterpark,Coco Key - Ferncroft,CoCo Key - Omaha,Kalahari Sandusky,Kalahari Dells - BGR,Kalahari Dells - ITP,Country Springs,Zehnders,Castaway Bay,Camelback Resort,Kalahari - Poconos,Swings N Things,Bonkers,Sawgrass Mills Gameroom,Hollywood Park,CCME Office - Ohio,FEG Illinois Office,Great Wolf Lodge - Concord,Great Wolf Lodge - Grand Mound,Great Wolf Lodge - Grapevine,Great Wolf Lodge - Kansas City,Great Wolf Lodge - Mason,Great Wolf Lodge - Poconos,Great Wolf Lodge - Sandusky,Great Wolf Lodge - Traverse City,Great Wolf Lodge - Williamsburg,Great Wolf Lodge - Wisconsin Dells,Knuckleheads,Rockin Robins,Waldameer Park,Great Wolf Lodge - New England,Great Wolf Lodge - Garden Grove,Great Wolf Lodge - Colorado Springs,Merchndise Office,Funtrackers"
239,"SkyMart Office,CiCi's - Forest,CiCi's - Plano 10,CiCi's - Mesquite,CiCi's - Plano1,CiCi's - Garland #2,CiCi's - Grand Prairie,CiCi's - Frisco 747,CiCi's - Allen #14,CiCi's - North Richland Hills #25"
240,"Great Wolf Lodge - Grapevine,"
241,"Great Wolf Lodge - Poconos,"
242,"Kalahari Dells - BGR,Kalahari Dells - ITP"
243,"Kalahari - Poconos,"
244,"Kalahari Sandusky,"
245,"Great Wolf Lodge - Mason,"
246,"Great Wolf Lodge - Sandusky,"
247,k2
248,"Camelback Resort,"
249,"CCME Office - Ohio,"
250,
251,"Rain Waterpark,Coco Key - Ferncroft,CoCo Key - Omaha,Kalahari Sandusky,Kalahari Dells - BGR,Kalahari Dells - ITP,Country Springs,Zehnders,Castaway Bay,Camelback Resort,Kalahari - Poconos,Swings N Things,Bonkers,Sawgrass Mills Gameroom,Hollywood Park,CCME Office - Ohio,FEG Illinois Office,Great Wolf Lodge - Concord,Great Wolf Lodge - Grand Mound,Great Wolf Lodge - Grapevine,Great Wolf Lodge - Kansas City,Great Wolf Lodge - Mason,Great Wolf Lodge - Poconos,Great Wolf Lodge - Sandusky,Great Wolf Lodge - Traverse City,Great Wolf Lodge - Williamsburg,Great Wolf Lodge - Wisconsin Dells,Knuckleheads,Rockin Robins,Waldameer Park,Great Wolf Lodge - New England,Great Wolf Lodge - Garden Grove,Great Wolf Lodge - Colorado Springs,Merchndise Office,Funtrackers"
252,"Kalahari Dells - BGR,Kalahari Dells - ITP"
253,"CoCo Key - Omaha,"
254,"SkyMart Office,"
255,"Funtrackers,"
256,"Funtrackers,"
257,"Castaway Bay,Rain Waterpark,Cedarpoint Castaway Bay (PSV),"
258,"Country Springs,"
259,"KeyLime Cove,Hollywood Park"
260,
261,"Great Wolf Lodge - Traverse City,"
262,"Funtrackers,"
263,"Kalahari - Poconos,"
264,"Funtrackers,"
265,"Kalahari Sandusky,"
266,"Great Wolf Lodge - Poconos,"
267,"Kalahari - Poconos,"
268,"Funtrackers,"
269,
270,"Great Wolf Lodge - Grand Mound,"
271,"Kalahari Dells - BGR,Kalahari Dells - ITP"
272,"Great Wolf Lodge - Poconos,"
273,"Knuckleheads,"
274,"Kalahari Sandusky,"
275,
276,"Funtrackers,"
277,"Great Wolf Lodge - Mason,"
278,"Great Wolf Lodge - Sandusky,"
279,"Great Wolf Lodge - Sandusky,"
280,"Great Wolf Lodge - Poconos,"
281,"Great Wolf Lodge - Wisconsin Dells,"
282,"Rain Waterpark,Coco Key - Ferncroft,CoCo Key - Omaha,Kalahari Sandusky,Kalahari Dells - BGR,Kalahari Dells - ITP,Country Springs,Zehnders,Castaway Bay,Camelback Resort,Kalahari - Poconos,Swings N Things,Bonkers,Sawgrass Mills Gameroom,Hollywood Park,CCME Office - Ohio,FEG Illinois Office,Great Wolf Lodge - Concord,Great Wolf Lodge - Grand Mound,Great Wolf Lodge - Grapevine,Great Wolf Lodge - Kansas City,Great Wolf Lodge - Mason,Great Wolf Lodge - Poconos,Great Wolf Lodge - Sandusky,Great Wolf Lodge - Traverse City,Great Wolf Lodge - Williamsburg,Great Wolf Lodge - Wisconsin Dells,Knuckleheads,Rockin Robins,Waldameer Park,Great Wolf Lodge - New England,Great Wolf Lodge - Garden Grove,Great Wolf Lodge - Colorado Springs,Merchndise Office,Funtrackers"
283,"Bonkers,Great Wolf Lodge - New England, Hollywood Park, Ferncroft"
284,"Bonkers,"
285,"Bonkers,"
286,
287,"Bonkers,"
288,"Bonkers,"
289,"Great Wolf Lodge - Garden Grove,"
290,"Funtrackers,"
291,"Kalahari - Poconos,"
292,"Funtrackers,"
293,"Bonkers,"
294,
295,"Great Wolf Lodge - Grand Mound,"
296,"Kalahari Sandusky,"
297,"Kalahari - Poconos,"
298,
299,"Great Wolf Lodge - Poconos,"
300,"Funtrackers,"
301,"Bonkers,"
302,"Kalahari - Poconos,"
303,"Rain Waterpark,Coco Key - Ferncroft,CoCo Key - Omaha,Kalahari Sandusky,Kalahari Dells - BGR,Kalahari Dells - ITP,Country Springs,Zehnders,Castaway Bay,Camelback Resort,Kalahari - Poconos,Swings N Things,Bonkers,Sawgrass Mills Gameroom,Hollywood Park,CCME Office - Ohio,FEG Illinois Office,Great Wolf Lodge - Concord,Great Wolf Lodge - Grand Mound,Great Wolf Lodge - Grapevine,Great Wolf Lodge - Kansas City,Great Wolf Lodge - Mason,Great Wolf Lodge - Poconos,Great Wolf Lodge - Sandusky,Great Wolf Lodge - Traverse City,Great Wolf Lodge - Williamsburg,Great Wolf Lodge - Wisconsin Dells,Knuckleheads,Rockin Robins,Waldameer Park,Great Wolf Lodge - New England,Great Wolf Lodge - Garden Grove,Great Wolf Lodge - Colorado Springs,Merchndise Office,Funtrackers"
304,"Bonkers,"
305,"Funtrackers,"
306,"Bonkers,"
307,"Great Wolf Lodge - Williamsburg,"
308,
309,
310,"Funtrackers,"
311,
312,"Great Wolf Lodge - Grand Mound,"
313,"Funtrackers,"
314,"Kalahari Dells - BGR,Kalahari Dells - ITP,Great Wolf Lodge - Grand Mound,Great Wolf Lodge - Garden Grove,Knuckleheads,Great Wolf Lodge - Wisconsin Dells,Great Wolf Lodge - Colorado Springs,"
315,"Bonkers,"
316,"Great Wolf Lodge - Concord,Great Wolf Lodge - Williamsburg,Great Wolf Lodge - Poconos,Kalahari - Poconos,Camelback Resort,"
317,"Great Wolf Lodge - Grapevine,"
318,
319,
320,"Knuckleheads,"
321,"Great Wolf Lodge - New England,"
322,
323,"CoCo Key - Omaha,"
324,"Sawgrass Mills Gameroom,"
325,"Sawgrass Mills Gameroom,"
326,"Sawgrass Mills Gameroom,"
327,"Sawgrass Mills Gameroom,"
328,"Sawgrass Mills Gameroom,"
329,"Sawgrass Mills Gameroom,"
330,
331,"Rain Waterpark,Coco Key - Ferncroft,CoCo Key - Omaha,Kalahari Sandusky,Kalahari Dells - BGR,Kalahari Dells - ITP,Country Springs,Zehnders,Castaway Bay,Camelback Resort,Kalahari - Poconos,Swings N Things,Bonkers,Sawgrass Mills Gameroom,Hollywood Park,CCME Office - Ohio,FEG Illinois Office,Great Wolf Lodge - Concord,Great Wolf Lodge - Grand Mound,Great Wolf Lodge - Grapevine,Great Wolf Lodge - Kansas City,Great Wolf Lodge - Mason,Great Wolf Lodge - Poconos,Great Wolf Lodge - Sandusky,Great Wolf Lodge - Traverse City,Great Wolf Lodge - Williamsburg,Great Wolf Lodge - Wisconsin Dells,Knuckleheads,Rockin Robins,Waldameer Park,Great Wolf Lodge - New England,Great Wolf Lodge - Garden Grove,Great Wolf Lodge - Colorado Springs,Merchndise Office,Funtrackers"
332,
333,"FEG Illinois Office,"
334,"Knuckleheads,"
335,
336,"Kalahari Dells - BGR,Kalahari Dells - ITP"
337,"Knuckleheads,"
338,
339,"Kalahari Dells - BGR,Kalahari Dells - ITP"
340,"Great Wolf Lodge - Garden Grove,"
341,"Bonkers,"
342,"Funtrackers,"
343,"Kalahari - Poconos,"
344,
345,"Kalahari Sandusky,"
346,"Kalahari Sandusky,"
347,"Kalahari Sandusky,"
348,
349,
350,"Great Wolf Lodge - Garden Grove,"
351,"Kalahari - Poconos,"
352,
353,"Great Wolf Lodge - Mason,"
354,"Great Wolf Lodge - Colorado Springs,"
355,"Great Wolf Lodge - New England,"
356,"Rain Waterpark,Coco Key - Ferncroft,CoCo Key - Omaha,Kalahari Sandusky,Kalahari Dells - BGR,Kalahari Dells - ITP,Country Springs,Zehnders,Castaway Bay,Camelback Resort,Kalahari - Poconos,Swings N Things,Bonkers,Sawgrass Mills Gameroom,Hollywood Park,CCME Office - Ohio,FEG Illinois Office,Great Wolf Lodge - Concord,Great Wolf Lodge - Grand Mound,Great Wolf Lodge - Grapevine,Great Wolf Lodge - Kansas City,Great Wolf Lodge - Mason,Great Wolf Lodge - Poconos,Great Wolf Lodge - Sandusky,Great Wolf Lodge - Traverse City,Great Wolf Lodge - Williamsburg,Great Wolf Lodge - Wisconsin Dells,Knuckleheads,Rockin Robins,Waldameer Park,Great Wolf Lodge - New England,Great Wolf Lodge - Garden Grove,Great Wolf Lodge - Colorado Springs,Merchndise Office,Funtrackers"
357,"CCME Office - Ohio,"
358,"Rain Waterpark,Coco Key - Ferncroft,CoCo Key - Omaha,Kalahari Sandusky,Kalahari Dells - BGR,Kalahari Dells - ITP,Country Springs,Zehnders,Castaway Bay,Camelback Resort,Kalahari - Poconos,Swings N Things,Bonkers,Sawgrass Mills Gameroom,Hollywood Park,CCME Office - Ohio,FEG Illinois Office,Great Wolf Lodge - Concord,Great Wolf Lodge - Grand Mound,Great Wolf Lodge - Grapevine,Great Wolf Lodge - Kansas City,Great Wolf Lodge - Mason,Great Wolf Lodge - Poconos,Great Wolf Lodge - Sandusky,Great Wolf Lodge - Traverse City,Great Wolf Lodge - Williamsburg,Great Wolf Lodge - Wisconsin Dells,Knuckleheads,Rockin Robins,Waldameer Park,Great Wolf Lodge - New England,Great Wolf Lodge - Garden Grove,Great Wolf Lodge - Colorado Springs,Merchndise Office,Funtrackers"
359,"Kalahari Sandusky,"
360,"Camelback Resort,"
361,"Great Wolf Lodge - Poconos,"
362,"Great Wolf Lodge - Poconos,"
363,"Zehnders,"
364,"Bonkers,"
365,"CoCo Key - Omaha,"
366,"Waldameer Park,Rockin Robins"
367,"Kalahari - Poconos,"
368,"Hollywood Park,"
369,"Hollywood Park,"
370,"Hollywood Park,"
371,"Hollywood Park,"
372,"Hollywood Park,"
373,"Hollywood Park,"
374,"Hollywood Park,"
375,"Great Wolf Lodge - Colorado Springs,"
376,"Kalahari Sandusky,"
377,"Kalahari Sandusky,"
378,"Kalahari Sandusky,"
379,"Camelback Resort,"
380,"Bonkers,"
381,"Funtrackers,"
382,"Kalahari - Poconos,"
383,"Great Wolf Lodge - Mason,"
384,"Great Wolf Lodge - New England,"
385,"Great Wolf Lodge - Grapevine,"
386,"Kalahari - Poconos,"
387,"Kalahari - Poconos,"
388,"Kalahari - Poconos,"
,
,
,
,
,
,
,
,
,
,
,
,
,
,
,
,
,
,
,
,
,
,
,
,
,
,
,
,
,
,
,
,
,
,
,
,
,
,
,
,
,
,
,
,
,
,
,
,
,
,
,
,
,
,
,
,
,
,
,
,
,
,
,
,
,
,
,
,
,
,
,
,
,
,
,
,
,
,
,
,
,
,
,
,
,
,
,
,
,
,
,
,
,
,
,
,
,
,
,
,
,
,
,
,
,
,
,
,
,
,
,
,
,
,
,
,
,
,
,
,
,
,
,
,
,
,
,
,
,
,
,
,
,
,
,
,
,
,
,
,
,
,
,
,
,
,
,
,
,
,
,
,
,
,
,
,
,
,
,
,
,
,
,
,
,
,
,
,
,
,
,
,
,
,
,
,
,
,
,
,
,
,
,
,
,
,
,
,
,
,
,
,
,
,
,
,
,
,
,
,
,
,
,
,
,
,
,
,
,
,
,
,
,
,
,
,
,
,
,
,
,
,
,
,
,
,
,
,
,
,
,
,
,
,
,
,
,
,
,
,
,
,
,
,
,
,
,
,
,
,
,
,
,
,
,
,
,
,
,
,
,
,
,
,
,
,
,
,
,
,
,
,
,
,
,
,
,
,
,
,
,
,
,
,
,
,
,
,
,
,
,
,
,
,
,
,
,
,
,
,
,
,
,
,
,
,
,
,
,
,
,
,
,
,
,
,
,
,
,
,
,
,
,
,
,
,
,
,
,
,
,
,
,
,
,
,
,
,
,
,
,
,
,
,
,
,
,
,
,
,
,
,
,
,
,
,
,
,
,
,
,
,
,
,
,
,
,
,
,
,
,
,
,
,
,
,
,
,
,
,
,
,
,
,
,
,
,
,
,
,
,
,
,
,
,
,
,
,
,
,
,
,
,
,
,
,
,
,
,
,
,
,
,
,
,
,
,
,
,
,
,
,
,
,
,
,
,
,
,
,
,
,
,
,
,
,
,
,
,
,
,
,
,
,
,
,
,
,
,
,
,
,
,
,
,
,
,
,
,
,
,
,
,
,
,
,
,
,
,
,
,
,
,
,
,
,
,
,
,
,
,
,
,
,
,
,
,
,
,
,
,
,
,
,
,
,
,
,
,
,
,
,
,
,
,
,
,
,
,
,
,
,
,
,
,
,
,
,
,
,
,
,
,
,
,
,
,
,
,
,
,
,
,
,
,
,
,
,
,
,
,
,
,
,
,
,
,
,
,
,
,
,
,
,
,
,
,
,
,
,
,
,
,
,
,
,
,
,
,
,
,
,
,
,
,
,
,
,
,
,
,
,
,
,
,
,
,
,
,
,
,
,
,
,
,
,
,
,
,
,
,
,
,
,
,
,
,
,
,
,
,
,
,
,
,
,
,
,
,
,
,
,
,
,
,
,
,
,
,
,
,
,
,
,
,
,
,
,
,
,
,
,
,
,
,
,
,
,
,
,
,
,
,
,
,
,
,
,
,
,
,
,
,
,
,
,
,
,
,
,
,
,
,
,
,
,
,
,
,
,
,
,
,
,
,
,
,
,
,
,
,
,
,
,
,
,
,
,
,
,
,
,
,
,
,
,
